id,name,model_id:id,group_id:id,perm_read,perm_write,perm_create,perm_unlink
access_vertikali_price_matrix_user,vertikali.price.matrix salesman,model_vertikali_price_matrix,vertikali_price_matrix.group_price_matrix_user,1,0,0,0
access_vertikali_price_matrix_manager,vertikali.price.matrix manager,model_vertikali_price_matrix,vertikali_price_matrix.group_price_matrix_manager,1,1,1,1
access_vertikali_price_matrix_line_user,vertikali.price.matrix.line salesman,model_vertikali_price_matrix_line,vertikali_price_matrix.group_price_matrix_user,1,0,0,0
access_vertikali_price_matrix_line_manager,vertikali.price.matrix.line manager,model_vertikali_price_matrix_line,vertikali_price_matrix.group_price_matrix_manager,1,1,1,1
access_vertikali_price_matrix_type_user,vertikali.price.matrix.type user,model_vertikali_price_matrix_type,vertikali_price_matrix.group_price_matrix_user,1,0,0,0
access_vertikali_price_matrix_type_manager,vertikali.price.matrix.type manager,model_vertikali_price_matrix_type,vertikali_price_matrix.group_price_matrix_manager,1,1,1,1
access_vertikali_price_matrix_wizard_user,vertikali.price.matrix.wizard user,model_vertikali_price_matrix_wizard,vertikali_price_matrix.group_price_matrix_user,1,1,1,1
access_vertikali_price_matrix_state_user,vertikali.price.matrix.state user,model_vertikali_price_matrix_state,vertikali_price_matrix.group_price_matrix_user,1,0,0,0
access_vertikali_price_matrix_state_manager,vertikali.price.matrix.state manager,model_vertikali_price_matrix_state,vertikali_price_matrix.group_price_matrix_manager,1,1,1,1
access_vertikali_price_matrix_history_user,vertikali.price.matrix.history user,model_vertikali_price_matrix_history,vertikali_price_matrix.group_price_matrix_user,1,0,0,0
access_vertikali_price_matrix_history_manager,vertikali.price.matrix.history manager,model_vertikali_price_matrix_history,vertikali_price_matrix.group_price_matrix_manager,1,1,1,0
access_vertikali_price_matrix_layout_user,vertikali.price.matrix.layout user,model_vertikali_price_matrix_layout,vertikali_price_matrix.group_price_matrix_user,1,0,0,0
access_vertikali_price_matrix_layout_manager,vertikali.price.matrix.layout manager,model_vertikali_price_matrix_layout,vertikali_price_matrix.group_price_matrix_manager,1,1,1,1
